District,Region,Area,outletname,OUTLET TYPE,VC,longitude,latitude,vf
BEIRUT,RAS BEIRUT,AIN MREISSEH,UNCLE DEEK,Newelneh,4,35.4875,33.9013,4
BEIRUT,ACHRAFIEH,RMEIL,ASSAAD SAAB GROCERY,GROCERY,6,35.529,33.8887,4
BEIRUT,RAS BEIRUT,AIN MREISSEH,ABOU AL DAHAB,Newelneh,4,35.4928,33.9015,4
BEIRUT,ACHRAFIEH,NASRA,SPINNEYS - ASHRAFIEH (ALEXANDRE),Super Market,5,35.5188,33.8846,4
BEIRUT,ACHRAFIEH,RMEIL,LE CADDIE ASHRAFIYEH,Super Market,5,35.526,33.8911,4
BEIRUT,MOUSAITBEH,MAR ELIAS,El Makhazen (MOSAITBEH),Super Market,5,35.4954,33.8835,2
BEIRUT,RAS BEIRUT,AIN MREISSEH,NESREEN ALTOROUS,Newelneh,4,35.4923,33.9012,2
BEIRUT,RAS BEIRUT,HAMRA,24/7 - HAMRA,GROCERY,5,35.4831,33.8955,2
BEIRUT,MAZRAA,Corniche el Mazraa,MAZEN PLUS,GROCERY,4,35.4932,33.88,2
BEIRUT,MOUSAITBEH,ZARIF,El Makhazen (ZARIF),Super Market,5,35.4946,33.8922,2
BEIRUT,RAS BEIRUT,KRAITEM,QUALITY MARKET,GROCERY,4,35.4806,33.8906,2
BEIRUT,MOUSAITBEH,HAY EL LIJA,El Makhazen (MOUSAITBE),Super Market,5,35.4947,33.8883,2
BEIRUT,RAS BEIRUT,Rawshe,FRESH WAY COOP JNAH,Super Market,5,35.4817,33.8818,2
BEIRUT,ACHRAFIEH,NASRA,GRAB N GO - Rizk HPTL,GROCERY,5,35.5166,33.8861,2
BEIRUT,ACHRAFIEH,SODECO,SPINNEYS - ASHAFIYEH (SODECO),Super Market,4,35.5169,33.8884,2
BEIRUT,MOUSAITBEH,WATA EL MOUSAITBEH,SM AL HALABI,GROCERY,5,35.4931,33.8756,2
BEIRUT,MOUSAITBEH,WATA EL MOUSAITBEH,AHLA AALAM,Newelneh,4,35.4907,33.875,2
BEIRUT,MOUSAITBEH,WATA EL MOUSAITBEH,MM ABOU WISSAM,GROCERY,4,35.4908,33.8745,2
BEIRUT,RAS BEIRUT,HAMRA,SCORE MARKET,GROCERY,5,35.4792,33.8978,2
BEIRUT,RAS BEIRUT,HAMRA,EXPRESS MAJED,GROCERY,4,35.4868,33.8978,2
BEIRUT,RAS BEIRUT,HAMRA,24/7 - KRAITEM,GROCERY,4,35.4818,33.891,2
BEIRUT,MOUSAITBEH,WATA EL MOUSAITBEH,GREEN CAFE,Newelneh,4,35.4906,33.8761,2
BEIRUT,RAS BEIRUT,AIN MREISSEH,BEIRUT CAFE,Newelneh,4,35.4885,33.9013,2
BEIRUT,BASHOURA,BECHARA EL KHOURY,Cafe Achour,Newelneh,5,35.5063,33.8908,2
BEIRUT,RMEIL,AL HIKMAT,LE CHARCUTIER Hikmet,GROCERY,5,35.5203,33.8925,2
BEIRUT,ACHRAFIEH,SIOUFI,SIOUFI SUPERMARKET,GROCERY,5,35.5267,33.8853,2
BEIRUT,MOUSAITBEH,MAR ELIAS,TAREK YASSINE,SPECIALIST,4,35.4941,33.8809,2
BEIRUT,RAS BEIRUT,HAMRA,D2D MART HAMRA,Newelneh,4,35.4852,33.8965,2
BEIRUT,MOUSAITBEH,WATA EL MOUSAITBEH,SPINNYES - JNAH,Super Market,4,35.4899281,33.8730949,2
BEIRUT,RAS BEIRUT,HAMRA,AM PM - BRISTOL,GROCERY,5,35.4843,33.894,2
BEIRUT,MOUSAITBEH,MAR ELIAS,24/7 - MAR ELIAS,GROCERY,4,35.4918,33.8833,2
BEIRUT,MOUSAITBEH,MAR ELIAS,Z MART,GROCERY,5,35.4907,33.8815,2
BEIRUT,MOUSAITBEH,MAR ELIAS,AM PM - MAR ELIAS,GROCERY,5,35.4941,33.8898,2
BEIRUT,RAS BEIRUT,Rawshe,Nadine Express,Newelneh,4,35.4729,33.8909,2
BEIRUT,RAS BEIRUT,VERDUN,FENJAN QAHWA,Newelneh,5,35.4876,33.8914,2
BEIRUT,RAS BEIRUT,Rawshe,Monaco Market,GROCERY,4,35.4737,33.8887,2
BEIRUT,RAS BEIRUT,Rawshe,3Mo Al Dikkanji Rawshe,GROCERY,4,35.4742,33.8882,2
BEIRUT,RMEIL,AL HIKMAT,SPINNEYS - ASHRAFIYEH (SAGESSE),Super Market,4,35.5211,33.8913,2
BEIRUT,RAS BEIRUT,HAMRA,365 MARKET,GROCERY,4,35.4823,33.8962,2
BEIRUT,RAS BEIRUT,HAMRA,KHALED KIOSK,KIOSK,4,35.4783,33.8969,2
BEIRUT,RAS BEIRUT,HAMRA,SPINNEYS - HAMRA (AUH),Super Market,4,35.4848,33.8972,2
BEIRUT,RAS BEIRUT,HAMRA,El Makhazen RAS BEIRUT,Super Market,5,35.4761,33.8959,2
BEIRUT,RAS BEIRUT,VERDUN,BONJOUR (CONCORDE),Super Market,5,35.4853,33.8917,2
BEIRUT,RAS BEIRUT,VERDUN,El Makhazen VERDUN,Super Market,5,35.485,33.8897,2
BEIRUT,RMEIL,AL HIKMAT,YALA STOP Hikmet,GROCERY,5,35.5229,33.892,2
BEIRUT,RAS BEIRUT,HAMRA,El Makhazen HAMRA,Super Market,5,35.4801,33.8965,2
BEIRUT,MAZRAA,RAS EL NABAA,ABOU JAAFAR,GROCERY,4,35.5075,33.884,2
BEIRUT,MOUSAITBEH,TALLET KHAYAT,CHEESE AND OLIVES FAKHANI,GROCERY,4,35.4863,33.8852,2
BEIRUT,ACHRAFIEH,HOTEL DIEU,HIBOU - HOTEL DIEU,GROCERY,4,35.5231,33.8842,2
BEIRUT,SAIFI,SAIFI VILLAGE,YALA STOP - SAIFI,Petrol Station,4,35.5097,33.8943,2
BEIRUT,RAS BEIRUT,HAMRA,BLISS DO R,Newelneh,4,35.4827,33.8992,2
BEIRUT,RAS BEIRUT,HAMRA,BLISS MARKET,GROCERY,4,35.4787,33.8985,2
BEIRUT,MAZRAA,BOURJ ABOU HAYDAR,El Makhazen BORJ ABO HAIDA,Super Market,5,35.4996,33.8834,2
BEIRUT,RAS BEIRUT,VERDUN,KING MARKET,GROCERY,5,35.4875,33.8932,2
BEIRUT,BASHOURA,BECHARA EL KHOURY,TIA CAFE,Newelneh,5,35.507,33.8898,2
BEIRUT,RAS BEIRUT,HAMRA,YALA STOP BLISS,Super Market,5,35.4788,33.898,2
BEIRUT,ACHRAFIEH,SASSINE,MOUNIF NASSAR,GROCERY,6,35.5204,33.8881,2
BEIRUT,MARFAA,BEIRUT PORT,BONJOUR PORT,Petrol Station,5,35.5331,33.898,2
BEIRUT,RAS BEIRUT,HAMRA,YALA STOP HAMRA,Super Market,5,35.4836,33.8939,2
BEIRUT,RAS BEIRUT,HAMRA,CHOUMAN EXPRESS,Newelneh,4,35.4832,33.8941,2
BEIRUT,ZOUKAK BLAT,PATRIARCAT,ATRISS CAFE,Newelneh,4,35.4985,33.8938,2
BEIRUT,BASHOURA,BECHARA EL KHOURY,TRIO CAFE,Newelneh,5,35.5067,33.8901,2
BEIRUT,ACHRAFIEH,SIOUFI,HANNA GHARIB MM,GROCERY,5,35.525,33.885,2
BEIRUT,RAS BEIRUT,AIN MREISSEH,AL OMDA CAFE,Newelneh,4,35.4887,33.9012,2
BEIRUT,RAS BEIRUT,HAMRA,MM EL KARAMY,GROCERY,5,35.4812,33.8948,2
BEIRUT,MOUSAITBEH,WATA EL MOUSAITBEH,BONJOUR UNESCO,Super Market,5,35.4859,33.875,2
BEIRUT,ACHRAFIEH,SASSINE,MARCELLE KIOSK,KIOSK,5,35.5206,33.8874,2
BEIRUT,RAS BEIRUT,KRAITEM,AL FAKHANI (SAKIEH),GROCERY,4,35.4797,33.8883,2
BEIRUT,RAS BEIRUT,HAMRA,MM ITANI,GROCERY,5,35.4817,33.8926,2
BEIRUT,MOUSAITBEH,ZARIF,DARWISH MM,GROCERY,5,35.4931,33.8901,2
BEIRUT,MAZRAA,BADARO,BOUCHRIEH BCHARA,GROCERY,5,35.5162,33.8734,2
BEIRUT,ACHRAFIEH,RMEIL,COIN MARKET JEITAWI,GROCERY,4,35.5263,33.8924,2
BEIRUT,BASHOURA,BECHARA EL KHOURY,AUTOMATICO CAFE,Newelneh,5,35.5067,33.8901,2
BEIRUT,RAS BEIRUT,HAMRA,SPECIAL,GROCERY,5,35.4748,33.8977,2
BEIRUT,RAS BEIRUT,HAMRA,El Makhazen (COMODOR),Super Market,5,35.4812,33.8947,2
BEIRUT,MAZRAA,BADARO,GRAB N GO (Badaro),Petrol Station,5,35.5157,33.8723,2
BEIRUT,RAS BEIRUT,HAMRA,GRAB N GO - HAMRA CLEMENCEAU,Super Market,4,35.4919,33.8952,2
BEIRUT,ACHRAFIEH,SIOUFI,GRAB N GO (SIOUFI),Petrol Station,5,35.5234,33.8868,2
BEIRUT,MOUSAITBEH,BORJ ABI HAIDAR,BONJOUR - BOURJ ABOU HAIDAR,Super Market,5,35.4976,33.881,2
BEIRUT,MOUSAITBEH,HAY EL LIJA,BONJOUR - MOUSAYTBE,Super Market,5,35.4979,33.8875,2
BEIRUT,MAZRAA,MAZRAA,BONJOUR - MAZRAA,Super Market,5,35.4966,33.8791,2
BEIRUT,MAJIDIYEH,DOWN TOWN,SPINNEYS - DT,Super Market,4,35.5028,33.8991,2
BEIRUT,RAS BEIRUT,KRAITEM,SPINNEYS - Qraytem,Super Market,5,35.4792,33.886,2
BEIRUT,MAZRAA,MAZRAA,YALA STOP - Mazraa,Super Market,5,35.4993,33.8785,2
BEIRUT,MOUSAITBEH,Ramlet Al Bayda,YALA STOP - UNESCO,Super Market,5,35.486,33.8775,2
BEIRUT,RMEIL,MAR MICHAEL,BONJOUR - Pierre Gemayel,Newelneh,5,35.5357,33.8953,2
BEIRUT,BASHOURA,BECHARA EL KHOURY,CHARTONI CAFE,Newelneh,5,35.5065,33.8899,2
BEIRUT,RMEIL,MAR MICHAEL,Ble Dor,GROCERY,4,35.526,33.8971,2
BEIRUT,ACHRAFIEH,SASSINE,LA MAIZONNE,GROCERY,5,35.5193,33.8871,2
BEIRUT,SAIFI,TABARIS,HIBOU - TABARIS,GROCERY,5,35.5124,33.8913,2
BEIRUT,MAZRAA,BOURJ ABOU HAYDAR,SM MATAHEN LEBNEN,GROCERY,4,35.4964,33.8823,2
BEIRUT,RAS BEIRUT,VERDUN,Happy - Verdun,Super Market,4,35.4872,33.8858,2
BEIRUT,MAZRAA,TARIQ EL JDIDE,MAHALLAT JAMIL NASSER,GROCERY,5,35.4986,33.8717,2
BEIRUT,MAZRAA,TARIQ EL JDIDE,FAKHANI,Super Market,4,35.4986,33.8719,2
BEIRUT,MAZRAA,TARIQ EL JDIDE,AKID MART,GROCERY,5,35.4999,33.8753,2
BEIRUT,RAS BEIRUT,HAMRA,FADI KIOSK,Newelneh,5,35.4847,33.8991,2
BEIRUT,SAIFI,TABARIS,BONJOUR Tabariz,Petrol Station,5,35.514326,33.8916029,2
BEIRUT,RAS BEIRUT,HAMRA,AL ZOUGHBI MARKET,GROCERY,5,35.4834,33.893,2
BEIRUT,RAS BEIRUT,KRAITEM,UPPER GATE,GROCERY,4,35.4774,33.8936,2
BEIRUT,RAS BEIRUT,VERDUN,AL RAYDAN MARKET,GROCERY,5,35.4827,33.8898,2
BEIRUT,RAS BEIRUT,VERDUN,BEN VERDUN,KIOSK,5,35.4832,33.8874,2
BEIRUT,MARFAA,BEIRUT PORT,AL RABIH MM,Newelneh,4,35.5122,33.8977,2
BEIRUT,RMEIL,MAR MICHAEL,Saliba Market,GROCERY,5,35.5246,33.8964,2
BEIRUT,MAZRAA,BOURJ ABOU HAYDAR,ZAATARE MM,GROCERY,5,35.5014,33.8852,2
BEIRUT,RAS BEIRUT,AIN MREISSEH,HARB SHOP,GROCERY,5,35.4893,33.9,2
BEIRUT,RAS BEIRUT,HAMRA,LATTE ART,Newelneh,4,35.4838,33.8992,2
BEIRUT,RAS BEIRUT,HAMRA,LE SAM,GROCERY,4,35.4819,33.8993,2
BEIRUT,MOUSAITBEH,WATA EL MOUSAITBEH,RAMAL Jnah,Super Market,5,35.4890066,33.8737149,2
BEIRUT,RAS BEIRUT,BEIRUT,Saj Express,Newelneh,4,35.4734353,33.8945548,2
BEIRUT,ACHRAFIEH,RMEIL,DAOU MINIMARKET,GROCERY,5,35.529,33.8921,2
BEIRUT,ACHRAFIEH,SODECO,ROGER ANTONIOS,GROCERY,5,35.5115,33.883,2
BEIRUT,MOUSAITBEH,ZARIF,MINI by MAKHAZEN,Super Market,5,35.4923539,33.8895328,2
BEIRUT,RAS BEIRUT,Rawshe,AL TAWFEER Rawche,Super Market,5,35.4741665,33.893681,2
BEIRUT,ACHRAFIEH,SASSINE,MM SKAF,GROCERY,6,35.5203,33.8875,2
BEIRUT,MOUSAITBEH,ZARIF,LABNE W JEBNE,GROCERY,5,35.497,33.8886,2
BEIRUT,RAS BEIRUT,HAMRA,MUNCH BOX,GROCERY,4,35.4796,33.8972,2
BEIRUT,RAS BEIRUT,HAMRA,CMC MART,GROCERY,5,35.487,33.8952,2
BEIRUT,RAS BEIRUT,HAMRA,KHALIFE MARKET,GROCERY,6,35.4839,33.894,2
BEIRUT,RAS BEIRUT,HAMRA,HAMRA SNACK,Newelneh,5,35.4857,33.8949,2
BEIRUT,MOUSAITBEH,TALLET KHAYAT,ZAHI EXPRESS,Newelneh,5,35.4869,33.8873,2
BEIRUT,RAS BEIRUT,VERDUN,EL HAITHAM VERDUN,GROCERY,4,35.4823,33.8868,2
BEIRUT,RAS BEIRUT,VERDUN,NOUR CAFE,Newelneh,5,35.4838,33.883,2
BEIRUT,RAS BEIRUT,RAOUCHE,JAL SUR MER CAFE,Newelneh,5,35.4756,33.9016,2
BEIRUT,RAS BEIRUT,Rawshe,Sakhra Café,Newelneh,5,35.4706,33.8921,2
BEIRUT,MAZRAA,BADARO,CRAVINGS,GROCERY,6,35.5179,33.8735,2
BEIRUT,ACHRAFIEH,RMEIL,MAKHOUL ZOUIN,GROCERY,5,35.511127,33.8934337,2
BEIRUT,RMEIL,GEMMAYZE,Bilal Market,GROCERY,5,35.5198,33.8956,2
BEIRUT,ACHRAFIEH,RMEIL,BERNARD ANKA MARKET,GROCERY,6,35.512,33.8951,2
BEIRUT,MAZRAA,TARIQ EL JDIDE,KHAMES MARKET,GROCERY,4,35.5061,33.8761,2
BEIRUT,MAZRAA,BOURJ ABOU HAYDAR,B PLUS MM,GROCERY,4,35.4992,33.8838,2
BEIRUT,MAZRAA,BOURJ ABOU HAYDAR,GREEN MARKET,GROCERY,4,35.4989,33.8855,2
BEIRUT,MAZRAA,TARIQ EL JDIDE,TABBARA MM,GROCERY,5,35.5033,33.8719,2
BEIRUT,RAS BEIRUT,AIN MREISSEH,Ali Murad Market,GROCERY,4,35.4914,33.9004,2
BEIRUT,MARFAA,MAJIDIYEH,MARKAZAH SANCK,GROCERY,5,35.5053,33.894,2
BEIRUT,RAS BEIRUT,Manara,FAKHANI CARACAS,GROCERY,4,35.4739,33.897,2
BEIRUT,RAS BEIRUT,Rawshe,EXPRESSO CAFE,Newelneh,5,35.4706,33.8948,2
BEIRUT,ZOUKAK BLAT,PATRIARCAT,SARRAY CAFE,Newelneh,5,35.4988,33.894,2
BEIRUT,ACHRAFIEH,RMEIL,LE PISTACHIER,GROCERY,6,35.5274,33.8974,2
BEIRUT,ACHRAFIEH,HOTEL DIEU,DAAET SARKIS,GROCERY,5,35.522,33.8854,2
BEIRUT,ACHRAFIEH,SIOUFI,MM GEORGES NAHED,GROCERY,5,35.5243,33.8864,2
BEIRUT,RMEIL,MAR MICHAEL,Hasan Younis( Ramy )Market,Newelneh,5,35.5323,33.8964,2
BEIRUT,MAZRAA,RAS EL NABAA,AL JAMIL MARKET( foad),GROCERY,5,35.508,33.881,2
BEIRUT,MAZRAA,BARBOUR,HAMOUD MM,GROCERY,5,35.5007,33.8796,2
BEIRUT,MAZRAA,BOURJ ABOU HAYDAR,KHATAB MM,GROCERY,4,35.5008,33.8839,2
BEIRUT,MAZRAA,TARIQ EL JDIDE,EXPRESS ADNAN,Newelneh,5,35.4956,33.876,2
BEIRUT,MAZRAA,TARIQ EL JDIDE,FAKHRI MM,GROCERY,5,35.4978,33.8758,2
BEIRUT,MAZRAA,TARIQ EL JDIDE,ABO FADI MM,GROCERY,5,35.4977,33.8708,2
BEIRUT,MAZRAA,TARIQ EL JDIDE,ABOU NEEL MM,GROCERY,5,35.5046,33.8728,2
BEIRUT,MOUSAITBEH,TALLET KHAYAT,QUICK MARKET,GROCERY,4,35.4869,33.8873,2
BEIRUT,MOUSAITBEH,WATA EL MOUSAITBEH,FRAIJEH MM,GROCERY,5,35.4877,33.8802,2
BEIRUT,RAS BEIRUT,VERDUN,AL BAWAB MARKET,GROCERY,6,35.4858,33.8877,2
BEIRUT,RAS BEIRUT,Rawshe,Donald Duck,GROCERY,5,35.4719865,33.8927317,2
BEIRUT,ACHRAFIEH,RMEIL,SAMAHA STORES,GROCERY,5,35.5143,33.8934,2
BEIRUT,ACHRAFIEH,FURN EL HAYEK,CHARBEL MARKET,GROCERY,6,35.5139,33.8893,2
BEIRUT,ACHRAFIEH,RMEIL,MARCEL MM,GROCERY,5,35.5246263,33.8937655,2
BEIRUT,ACHRAFIEH,RMEIL,YOUNES MM,GROCERY,6,35.5264,33.8906,2
BEIRUT,MAZRAA,RAS EL NABAA,CHAAR SM,GROCERY,5,35.5086,33.8825,2
BEIRUT,MOUSAITBEH,WATA EL MOUSAITBEH,RAFEH,GROCERY,5,35.4918,33.876,2
BEIRUT,MAZRAA,RAS EL NABAA,SARA,GROCERY,5,35.5105,33.882,2
BEIRUT,MAZRAA,TARIQ EL JDIDE,KHORFAN MM.,GROCERY,5,35.4988,33.8697,2
BEIRUT,ACHRAFIEH,SODECO,NINOS CAFE,Newelneh,5,35.5108,33.8828,2
BEIRUT,MOUSAITBEH,ZARIF,MOUSLEH MARKET,GROCERY,5,35.4947,33.889,2
BEIRUT,RAS BEIRUT,HAMRA,SOBHI HAMOUD MARKET,GROCERY,5,35.4798,33.8981,2
BEIRUT,RAS BEIRUT,Rawshe,Manara Market,GROCERY,6,35.4718,33.8962,2
BEIRUT,MOUSAITBEH,ZARIF,BOB MARKET,GROCERY,5,35.4924,33.8896,2
BEIRUT,RAS BEIRUT,HAMRA,DISTRICT CAFE,GROCERY,5,35.4891,33.8974,2
BEIRUT,MOUSAITBEH,MAR ELIAS,AL NAJAH,GROCERY,5,35.4951,33.8896,2
BEIRUT,ACHRAFIEH,FURN EL HAYEK,EL PISTACHIO,GROCERY,6,35.5136,33.89,2
BEIRUT,ACHRAFIEH,RMEIL,Abdel MASEEH,GROCERY,6,35.5165,33.895,2
BEIRUT,ACHRAFIEH,HOTEL DIEU,EL DUKKAN,GROCERY,6,35.5165,33.8801,2
BEIRUT,ACHRAFIEH,RMEIL,ELISHA,GROCERY,6,35.5283,33.8885,2
BEIRUT,ACHRAFIEH,NASRA,ASSAF KHAMIS,GROCERY,6,35.5193,33.888,2
BEIRUT,RAS BEIRUT,HAMRA,ALI CAFE,Newelneh,5,35.4772,33.8945,2
BEIRUT,ZOUKAK BLAT,PATRIARCAT,EZZ CAFE,KIOSK,5,35.5025,33.895,2
BEIRUT,ACHRAFIEH,RMEIL,Manoukian Market,GROCERY,6,35.5341,33.8948,2
BEIRUT,ACHRAFIEH,RMEIL,ALFRED MINIMARKET,GROCERY,6,35.529,33.8885,2
BEIRUT,MAZRAA,TARIQ EL JDIDE,SELEEN MM,GROCERY,4,35.5023,33.8726,2
BEIRUT,MAZRAA,BARBOUR,HMAYED MM,GROCERY,6,35.5,33.8804,2
BEIRUT,RAS BEIRUT,HAMRA,Mishref Market,Newelneh,5,35.4762,33.8939,2
BEIRUT,RAS BEIRUT,Rawshe,RHAYYEL CELL,GROCERY,5,35.4715,33.8925,2
BEIRUT,MOUSAITBEH,TALLET KHAYAT,AYYAS MARKET,GROCERY,6,35.4859,33.8893,2
BEIRUT,RAS BEIRUT,KRAITEM,GOLDEN MARKET,GROCERY,6,35.4785,33.889,2
BEIRUT,ACHRAFIEH,RMEIL,JOSEPH DAKKASH,GROCERY,5,35.5205,33.8955,2
BEIRUT,RMEIL,MAR MICHAEL,Saliba Minimarket,GROCERY,5,35.5318,33.8955,2
BEIRUT,MINA EL HOSN,KANTARI,AZIZ,GROCERY,4,35.4958,33.8964,2
BEIRUT,RAS BEIRUT,KRAITEM,ABOU YOUSEF CAFE,Newelneh,5,35.4826,33.8906,2
BEIRUT,ACHRAFIEH,RMEIL,L EPICIERIE,GROCERY,6,35.5295,33.8869,2
BEIRUT,MAZRAA,BARBOUR,AL KAMAR MARKET,GROCERY,5,35.4978,33.8802,2
BEIRUT,MAZRAA,TARIQ EL JDIDE,CAFE AL HALABI,Newelneh,4,35.5042,33.8751,2
BEIRUT,MAZRAA,BOURJ ABOU HAYDAR,JANON MM,GROCERY,5,35.5014,33.8816,2
BEIRUT,MAZRAA,NWEIRI,MAKHAZENTAMWEEN ( FAKHRO ),GROCERY,5,35.5041,33.884,2
BEIRUT,MAZRAA,NWEIRI,GRAND MARCHE,GROCERY,5,35.5062,33.8851,2
BEIRUT,RAS BEIRUT,KRAITEM,ZEIN MARKET,GROCERY,5,35.4783,33.8918,2
BEIRUT,RAS BEIRUT,Rawshe,Aakari,GROCERY,5,35.4746,33.8881,2
BEIRUT,RAS BEIRUT,AIN MREISSEH,AL MOUKHTAR,Newelneh,4,35.4919,33.9014,2
BEIRUT,ACHRAFIEH,RMEIL,ABI KHALIL MARKET,GROCERY,6,35.5307,33.8932,2
BEIRUT,MAZRAA,NWEIRI,TAANEL MARKET,GROCERY,5,35.5058,33.8839,2
BEIRUT,MOUSAITBEH,MAR ELIAS,SARA MARKET,GROCERY,4,35.495,33.8828,2
BEIRUT,MAZRAA,NWEIRI,CORNICH CAFE,Newelneh,5,35.5006,33.8786,2
BEIRUT,MAZRAA,TARIQ EL JDIDE,YOYO SM,GROCERY,5,35.5049,33.8761,2
BEIRUT,MOUSAITBEH,WATA EL MOUSAITBEH,DOCTOR BEER,Newelneh,5,35.4939,33.8765,2
BEIRUT,MOUSAITBEH,WATA EL MOUSAITBEH,ROMARIO,Newelneh,4,35.4942,33.8764,2
BEIRUT,MOUSAITBEH,MAR ELIAS,FORN AL HATAB,GROCERY,5,35.494,33.8854,2
BEIRUT,MAZRAA,TARIQ EL JDIDE,AMER MM,GROCERY,4,35.5043,33.8746,2
BEIRUT,RAS BEIRUT,HAMRA,BUBBLES,GROCERY,6,35.4817,33.8994,2
BEIRUT,MINA EL HOSN,KANTARI,ABOU TALAL MM,GROCERY,5,35.4937,33.8963,2
BEIRUT,RAS BEIRUT,Rawshe,Zriek Market,GROCERY,5,35.4746,33.8879,2
BEIRUT,MAZRAA,BADARO,DICK NUTS,GROCERY,6,35.5172,33.8746,2
BEIRUT,MAZRAA,TARIQ EL JDIDE,ALBAN W AJBAN KAAKATI,GROCERY,5,35.5042,33.8747,2
BEIRUT,BASHOURA,BASHOURA,ZAHREDDIN MARKET,GROCERY,5,35.5033,33.8883,2
BEIRUT,MOUSAITBEH,TALLET KHAYAT,HMEDE MARKET,GROCERY,6,35.4903,33.8875,2
BEIRUT,BASHOURA,KHANDAK GHAMIK,DARWISH EST,GROCERY,5,35.5055,33.8883,2
BEIRUT,BASHOURA,KHANDAK GHAMIK,MM HADDAD,GROCERY,6,35.5049,33.8881,2
BEIRUT,MOUSAITBEH,MAR ELIAS,MM ABOU SHAARA,GROCERY,5,35.495,33.8807,2
BEIRUT,ZOUKAK BLAT,PATRIARCAT,LAGUNA MARKET,GROCERY,5,35.5007,33.8911,2
BEIRUT,RAS BEIRUT,VERDUN,VERDUN MARKET,GROCERY,6,35.4849,33.885,2
BEIRUT,MOUSAITBEH,ZARIF,SALAM MARKET,GROCERY,5,35.4923,33.8902,2
BEIRUT,ACHRAFIEH,RMEIL,Bob station tarabay,Newelneh,5,35.5122,33.895,2
BEIRUT,ACHRAFIEH,HOTEL DIEU,SAWMI MARKET,GROCERY,6,35.5166,33.882,2
BEIRUT,ACHRAFIEH,RMEIL,MINIMARKET HADDAD,GROCERY,6,35.5266,33.8873,2
BEIRUT,RMEIL,MAR MICHAEL,Teckian Market,GROCERY,6,35.524,33.8961,2
BEIRUT,SAIFI,TABARIS,DANIS SHOP,GROCERY,5,35.5074,33.8918,2
BEIRUT,MAZRAA,TARIQ EL JDIDE,PRINCE MM,GROCERY,5,35.498,33.8763,2
BEIRUT,MAZRAA,BADARO,MICHEAL MM,GROCERY,5,35.5166,33.8746,2
BEIRUT,MAZRAA,TARIQ EL JDIDE,HAISO MM,GROCERY,5,35.4961,33.8752,2
BEIRUT,MAZRAA,TARIQ EL JDIDE,HALABI MM,GROCERY,6,35.4999,33.8758,2
BEIRUT,MAZRAA,BOURJ ABOU HAYDAR,MAKKI EKHWAN MM,GROCERY,5,35.5012,33.8847,2
BEIRUT,MAZRAA,BOURJ ABOU HAYDAR,ALBAN W AJBAN AL ANWAR,GROCERY,5,35.4985,33.8813,2
BEIRUT,MOUSAITBEH,MAR ELIAS,MM AL AGHAR,GROCERY,5,35.4932,33.8815,2
BEIRUT,MARFAA,BEIRUT PORT,ABU ISSA MM,Newelneh,5,35.5112,33.8982,2
BEIRUT,ACHRAFIEH,RMEIL,MAHFOZ M.M,GROCERY,5,35.5283,33.8939,2
BEIRUT,MOUSAITBEH,MAR ELIAS,SAADO TRADING SHOP,GROCERY,5,35.4938,33.8843,2
BEIRUT,MAZRAA,BADARO,WADIH NOHRA MM,GROCERY,5,35.5149,33.874,2
BEIRUT,ACHRAFIEH,SODECO,HIBOU - SODECO,GROCERY,5,35.5102,33.8844,2
BEIRUT,RAS BEIRUT,AIN MREISSEH,MOUKADAM MM,GROCERY,5,35.4904,33.9,2
BEIRUT,RAS BEIRUT,HAMRA,CITY MARKET,GROCERY,5,35.4814,33.897,2
BEIRUT,MAZRAA,RAS EL NABAA,T CAFÉ,Newelneh,5,35.5068,33.8841,2
BEIRUT,MAZRAA,NWEIRI,KHAFAJA (Reine MM),GROCERY,6,35.5015,33.882,2
BEIRUT,MAZRAA,BOURJ ABOU HAYDAR,AM PM - BORJ ABOU HAIDAR,GROCERY,5,35.4978,33.8814,2
BEIRUT,MAZRAA,TARIQ EL JDIDE,AHMAD ALI,GROCERY,5,35.4998,33.876,2
BEIRUT,MAZRAA,TARIQ EL JDIDE,ADNAN NASSIR,GROCERY,5,35.4963,33.8784,2
BEIRUT,ACHRAFIEH,RMEIL,BUNNY MARKET,GROCERY,5,35.5267,33.8888,2
BEIRUT,MOUSAITBEH,ZARIF,CAFÉ FAYEZ,GROCERY,5,35.4901,33.8899,2
BEIRUT,MOUSAITBEH,MAR ELIAS,AHMAD SROUR,GROCERY,5,35.4931,33.8883,2
BEIRUT,MARFAA,MAJIDIYEH,D2D Mart,GROCERY,4,35.5058,33.8979,2
BEIRUT,MOUSAITBEH,MAR ELIAS,BASSAM MARKET,GROCERY,4,35.4946,33.8818,2
BEIRUT,MAZRAA,BOURJ ABOU HAYDAR,BADRAN,GROCERY,6,35.4992,33.8872,2
BEIRUT,RAS BEIRUT,HAMRA,HAMRA JUICE,GROCERY,6,35.4831,33.8954,2
BEIRUT,RAS BEIRUT,HAMRA,AM PM - GHANDI ST,GROCERY,5,35.4783,33.8967,2
BEIRUT,ACHRAFIEH,SIOUFI,GRAB N GO - SIOUFI,GROCERY,5,35.525,33.8845,2
BEIRUT,ACHRAFIEH,FURN EL HAYEK,MARCHE DE QUARTIER,GROCERY,5,35.515,33.89,2
BEIRUT,RAS BEIRUT,VERDUN,VC CAFÉ,Newelneh,5,35.485,33.8853,2
BEIRUT,RAS BEIRUT,HAMRA,SHABROUKA,KIOSK,4,35.4795,33.894,2
BEIRUT,RAS BEIRUT,HAMRA,HARPER MARKET,GROCERY,4,35.481,33.8947,2
BEIRUT,MOUSAITBEH,ZARIF,FAKHANI ZARIF,GROCERY,4,35.4901,33.8897,2
BEIRUT,RAS BEIRUT,Rawshe,Younis Rawche,GROCERY,5,35.4768,33.8873,2
BEIRUT,MINA EL HOSN,KANTARI,CHTOURA SNACK 1,GROCERY,5,35.4929,33.8962,2
BEIRUT,RAS BEIRUT,HAMRA,A 2 Z MART,GROCERY,4,35.4797,33.898,2
BEIRUT,MOUSAITBEH,ZARIF,RIDA CAFE,Newelneh,4,35.4891,33.8903,2
BEIRUT,RMEIL,GEMMAYZE,Shop Point,GROCERY,5,35.528,33.8973,2
BEIRUT,RAS BEIRUT,HAMRA,BREAD AND BUTTER,GROCERY,4,35.4837,33.8988,2
BEIRUT,MOUSAITBEH,Watwat,OH LA LA MARKET,GROCERY,4,35.4945,33.8922,2
BEIRUT,RAS BEIRUT,HAMRA,SAM'S DOKAN,GROCERY,5,35.4812,33.8958,2
BEIRUT,MOUSAITBEH,MAR ELIAS,RANCILIO CAFE,Newelneh,5,35.4905,33.8814,2
BEIRUT,MOUSAITBEH,ZARIF,ADAWI 2,GROCERY,5,35.4901227,33.887467,2
BEIRUT,RAS BEIRUT,HAMRA,A PLUS MARKET - AUH,GROCERY,4,35.4853,33.8967,2
BEIRUT,ACHRAFIEH,Sagesse,AM PM - ASHRAFIEH,GROCERY,5,35.5194,33.892,2
BEIRUT,ACHRAFIEH,Saifi,GRAB N GO - Mar Mkhael,GROCERY,4,35.5241,33.8964,2
BEIRUT,RAS BEIRUT,RAWCHE,Ramleh Mart,GROCERY,4,35.4833,33.8776,2
BEIRUT,MOUSAITBEH,MAR ELIAS,EM MOHAMAD MARKET,GROCERY,5,35.4886,33.886,2
BEIRUT,MOUSAITBEH,TALLET KHAYAT,FOODS & GOODS,GROCERY,6,35.4881,33.883,2
BEIRUT,MAZRAA,TARIQ EL JDIDE,ABOU ALI MARKET,GROCERY,5,35.497,33.8748,2
BEIRUT,RMEIL,Mar Mkhael,HIBOU - Mar Mkhael,GROCERY,5,35.5216,33.8958,2
BEIRUT,MARFAA,MAJIDIYEH,MARKAZIEH SWEET,GROCERY,6,35.5048,33.8932,2
BEIRUT,MINA EL HOSN,KANTARI,HIBOU - HAMRA CLEMENCEAU,GROCERY,5,35.4911,33.8958,2
BEIRUT,MAZRAA,TARIQ EL JDIDE,PRINCE MARKET (Afif EL Tibi),GROCERY,5,35.4976,33.8766,2
BEIRUT,ACHRAFIEH,Sagesse,DAILY BASKET,GROCERY,5,35.5198,33.8913,2
BEIRUT,RAS BEIRUT,HAMRA,GRAB N GO - BLISS,Super Market,4,35.4836,33.8992,2
BEIRUT,MARFAA,MAJIDIYEH,EMPRESSO ESPRESSO - ISSA FAWAZ,Newelneh,5,35.5053,33.8938,2
BEIRUT,ACHRAFIEH,RMEIL,BONJOUR - KARM EL ZAYTOUN,Petrol Station,5,35.529,33.8879,2
BEIRUT,MOUSAITBEH,WATA EL MOUSAITBEH,EXPRESS BEIRUT,Newelneh,4,35.4869,33.8815,2
BEIRUT,MOUSAITBEH,YAZBIK,ALI YASSINE,SPECIALIST,4,35.4948,33.8818,2
BEIRUT,RAS BEIRUT,HAMRA,Address,GROCERY,4,35.4784,33.8964,2
BEIRUT,ACHRAFIEH,RMEIL,Wij El Sahhara,GROCERY,4,35.5256,33.8946,2
BEIRUT,RAS BEIRUT,HAMRA,7 Days,GROCERY,4,35.4815,33.8977,2
BEIRUT,RAS BEIRUT,HAMRA,AL SAYIGH CAFE,Newelneh,5,35.4761,33.8939,2
BEIRUT,RMEIL,MAR MICHAEL,KK Market,GROCERY,5,35.5322,33.8965,2
BEIRUT,MOUSAITBEH,MAR ELIAS,Takssim Mar Elias,GROCERY,6,35.4917,33.8831,2
BEIRUT,RAS BEIRUT,HAMRA,A305 (Bliss),GROCERY,4,35.4786,33.8988,2
BEIRUT,MAZRAA,TARIQ EL JDIDE,3a Tarai2ak (TJ),GROCERY,5,35.4996,33.8719,2
BEIRUT,ZOUKAK BLAT,PATRIARCAT,3a Tarai2ak (ZB),GROCERY,5,35.4992,33.8925,2
BEIRUT,RAS BEIRUT,HAMRA,Rasha Market Hamra,GROCERY,5,35.4867,33.8967,2
BEIRUT,MOUSAITBEH,MAR ELIAS,Pump and Munch,GROCERY,4,35.4905,33.8887,2
BEIRUT,ACHRAFIEH,RMEIL,Baroud Market,GROCERY,5,35.5248,33.8946,2
BEIRUT,RAS BEIRUT,HAMRA,Streets,GROCERY,5,35.4841,33.8976,2
BEIRUT,MAZRAA,BADARO,GRAB N GO - Badaro,GROCERY,5,35.516,33.8779,2
BEIRUT,MOUSAITBEH,Karakol EL druze,3and l Doctor,GROCERY,4,35.4869,33.8904,2
BEIRUT,RAS BEIRUT,HAMRA,Sadat Café,Newelneh,5,35.477,33.8952,2
BEIRUT,MOUSAITBEH,MOUSAITBEH,MIKKI Market,GROCERY,5,35.4986,33.8866,2
BEIRUT,ACHRAFIEH,SASSINE,Richard Saba,Newelneh,5,35.5206,33.8876,2
BEIRUT,RAS BEIRUT,HAMRA,HIBOU - Sadat,GROCERY,4,35.4772,33.8938,2
BEIRUT,RAS BEIRUT,HAMRA,MVP Mart,GROCERY,5,35.485,33.8957,2
BEIRUT,MINA EL HOSN,KANTARI,Insomnia,GROCERY,5,35.4916,33.898,2
BEIRUT,RMEIL,AL HIKMAT,Aazam Market,GROCERY,5,35.5227,33.8912,2
BEIRUT,RAS BEIRUT,HAMRA,Ayoub Café (Hamra),Newelneh,5,35.4838,33.894,2
BEIRUT,RAS BEIRUT,KRAITEM,Tabesh Station,Newelneh,5,35.4806,33.8888,2
BEIRUT,RAS BEIRUT,Rawshe,Labban Café,Newelneh,6,35.4729,33.894,2
BEIRUT,ACHRAFIEH,SASSINE,HIBOU - Saideh,GROCERY,4,35.5232,33.8878,2
BEIRUT,RAS BEIRUT,HAMRA,Cheers & Olives (Hamara),GROCERY,4,35.4856,33.8968,2
BEIRUT,RAS BEIRUT,VERDUN,Olivias,GROCERY,6,35.484,33.888,2
BEIRUT,MOUSAITBEH,TALLET KHAYAT,ANY TIME MARKET,GROCERY,5,35.4869633,33.8889952,2
BEIRUT,RAS BEIRUT,HAMRA,Maro Plus,GROCERY,5,35.4776147,33.8962782,2
BEIRUT,RAS BEIRUT,Rawshe,Café Abou Saleh,GROCERY,5,35.4730566,33.8883918,2
BEIRUT,RAS BEIRUT,AIN MREISSEH,Exclance Café,Newelneh,5,35.4928057,33.8997022,2
BEIRUT,RAS BEIRUT,VERDUN,Denawi Station,Newelneh,4,35.4878383,33.8908963,2
BEIRUT,RAS BEIRUT,HAMRA,Address (Masref),Newelneh,5,35.4876592,33.8953289,2
BEIRUT,RAS BEIRUT,KRAITEM,LAU Saj,Newelneh,6,35.4786,33.8918538,2
BEIRUT,RAS BEIRUT,HAMRA,1 Dollar,GROCERY,4,35.4787416,33.8945179,2
BEIRUT,RAS BEIRUT,HAMRA,Comodore Market,GROCERY,5,35.4800564,33.894808,2
BEIRUT,RAS BEIRUT,AIN MREISSEH,Coffe Time,Newelneh,5,35.4923361,33.9024194,2
BEIRUT,RAS BEIRUT,Manara,Fadi Sleit,GROCERY,5,35.4758389,33.9016713,2
BEIRUT,RAS BEIRUT,Rawshe,Smile Cofe,Newelneh,5,35.4724428,33.888996,2
BEIRUT,MAZRAA,BARBOUR,Coffee Shop,Newelneh,5,35.5027233,33.8792388,2
BEIRUT,MAZRAA,RAS EL NABAA,Café Othman,Newelneh,5,35.5072138,33.8821548,2
BEIRUT,MAZRAA,TARIQ EL JDIDE,Ramzi Café,Newelneh,4,35.5006619,33.8710604,2
BEIRUT,MAZRAA,BARBOUR,Abo Sami Market (Barbour),GROCERY,4,35.497325,33.8799616,2
BEIRUT,ACHRAFIEH,Karantina,Via A Vent,Newelneh,5,35.5260215,33.8994956,2
BEIRUT,MAZRAA,RAS EL NABAA,Stop & Shop Ras El Nabea,GROCERY,4,35.5055383,33.8801999,2
BEIRUT,RAS BEIRUT,KRAITEM,Epi Dor LAU,GROCERY,4,35.4779554,33.8922872,2
BEIRUT,RAS BEIRUT,HAMRA,Al Sirat shopping,GROCERY,5,35.4824216,33.8960569,2
BEIRUT,RAS BEIRUT,HAMRA,Yoggy Café,Newelneh,5,35.4771637,33.8945979,2
BEIRUT,RAS BEIRUT,HAMRA,Coffee Mart,Newelneh,5,35.4785295,33.8940701,2
BEIRUT,MOUSAITBEH,MAR ELIAS,Mazare3 Al Rawabi,GROCERY,5,35.4947848,33.8894818,2
BAABDA,MOUNT LEBANON,BAABDA,coffe drinks hadath,Newelneh,5,35.5347127,33.8481569,2
BEIRUT,ACHRAFIEH,SASSINE,Sassine Café,Newelneh,5,35.5210403,33.8869738,2
BEIRUT,ACHRAFIEH,SASSINE,Dobizz Shop,GROCERY,5,35.5237642,33.8859691,2
BEIRUT,RAS BEIRUT,HAMRA,Luna Market,GROCERY,5,35.4787374,33.8945294,2
BEIRUT,BASHOURA,BECHARA EL KHOURY,Kahwatea,Newelneh,5,35.5066869,33.8901084,2
BEIRUT,RAS BEIRUT,HAMRA,Havana Market,GROCERY,5,35.4864074,33.8953809,2
BEIRUT,RAS BEIRUT,HAMRA,Maashouk Café,Newelneh,5,35.4829028,33.8939712,2
BEIRUT,MARFAA,BEIRUT PORT,Café Nader,Newelneh,5,35.5130419,33.8972614,2
BEIRUT,RAS BEIRUT,HAMRA,T Mart,GROCERY,4,35.4837998,33.8968883,2
BEIRUT,RAS BEIRUT,HAMRA,D 2 D Bliss,GROCERY,5,35.4838887,33.8990306,2
BEIRUT,RAS BEIRUT,HAMRA,Vape & More LAU,SPECIALIST,5,35.4774768,33.8936029,2
BEIRUT,RMEIL,MAR MICHAEL,Dukan Du Port,Newelneh,5,35.5381307,33.9011029,2
BEIRUT,ACHRAFIEH,Sagesse,Uppy Car,Newelneh,5,35.5168263,33.8919865,2
BEIRUT,SAIFI,TABARIS,Le Café,GROCERY,5,35.5116549,33.8921966,2
BEIRUT,RAS BEIRUT,VERDUN,Darwish Market (Qouraytem),GROCERY,5,35.4802549,33.8905549,2
BEIRUT,MOUSAITBEH,YAZBIK,Imad Market,GROCERY,5,35.4956116,33.8806222,2
BEIRUT,ACHRAFIEH,HOTEL DIEU,Le Casa,Newelneh,5,35.520167,33.8818859,2
BEIRUT,ACHRAFIEH,SODECO,24/7 Sodico,GROCERY,5,35.5087378,33.8859401,2
BEIRUT,RMEIL,MAR MICHAEL,M Mart,GROCERY,5,35.5195402,33.8948039,2
BEIRUT,MAJIDIYEH,DOWN TOWN,HIBOU DT,Super Market,5,35.501403,33.8994755,2
BEIRUT,RAS BEIRUT,VERDUN,HIBOU Verdun,Super Market,5,35.4833032,33.8869112,2
BEIRUT,MAZRAA,BADARO,Puff Zone Badaro,SPECIALIST,5,35.5170033,33.87576,2
BEIRUT,RMEIL,GEMMAYZE,Shop Point 2 (Gemayze),GROCERY,5,35.514415,33.8959861,2
BEIRUT,MAZRAA,BOURJ ABOU HAYDAR,AMY Market,GROCERY,5,35.4978384,33.8812612,2
BEIRUT,RAS BEIRUT,Manara,Saj Express Manara,Newelneh,5,35.4775174,33.902187,2
BEIRUT,RAS BEIRUT,HAMRA,Universal,Newelneh,5,35.4824602,33.8994008,2